,row_num,gene_symbol
0,15,SEMA3F
1,27,WNT16
2,28,HECW1
3,37,DBNDD1
4,38,ALS2
5,40,CFLAR
6,47,SARM1
7,49,PLXND1
8,52,FKBP4
9,53,KDM1A
10,65,ARX
11,72,DVL2
12,103,SOX8
13,110,ITGA3
14,124,ABCC8
15,133,CX3CL1
16,136,TNFRSF12A
17,142,ETV1
18,148,FARP2
19,149,USH1C
20,153,IFRD1
21,159,ARHGAP44
22,166,CDKL3
23,170,PROM1
24,186,PAX6
25,195,TEAD3
26,199,MYLIP
27,205,CDKL5
28,213,ADAM22
29,216,SPAG9
30,217,CELSR3
31,230,MAPK8IP2
32,240,PAX7
33,249,RANBP9
34,257,CD9
35,263,SEMA3G
36,276,FYN
37,280,LYPLA2
38,288,MKS1
39,317,SEMA3B
40,350,UFL1
41,369,STMN4
42,371,ISL1
43,378,SRCIN1
44,383,RUFY3
45,384,CNTN1
46,401,HGF
47,403,NCDN
48,409,RUNX3
49,416,NRXN3
50,426,RNF10
51,459,VIM
52,469,PRKCH
53,496,NR2E3
54,508,LRRC7
55,511,GAB2
56,514,SLC4A7
57,524,MYOC
58,527,VCL
59,532,STAP1
60,533,TIMP2
61,535,TBC1D23
62,552,HOXC8
63,563,CDH1
64,578,RTN4R
65,587,TNC
66,598,USH2A
67,610,CUL7
68,611,CTNNA1
69,614,EPHA3
70,615,HSPA5
71,619,GPM6B
72,621,PREX2
73,632,DTNBP1
74,633,XK
75,640,MAP4
76,644,HDAC9
77,677,NEDD4L
78,680,HEXB
79,691,LAMC3
80,694,MAPK9
81,702,PIK3CB
82,715,FSTL4
83,720,NNAT
84,735,SDCCAG8
85,741,SYNE2
86,755,CYFIP2
87,761,MCOLN3
88,785,PRDM1
89,796,RASGRF1
90,797,CAMK2B
91,805,DGKG
92,817,PSD
93,821,WNK1
94,839,WNT8A
95,841,NCKAP1
96,853,LTK
97,875,GPC1
98,887,DMRT3
99,890,NGFR
100,891,CDON
101,893,HIPK2
102,908,BTBD1
103,915,HMG20B
104,918,ANKS1A
105,931,NTN1
106,935,ERBB3
107,943,SPEN
108,954,PRKCQ
109,967,CTNNA2
110,972,KDM4A
111,976,NGEF
112,977,ASPM
113,987,FGFR2
114,990,EML1
115,996,ARFGEF1
116,1009,NEO1
117,1023,RHOA
118,1026,PRKCZ
119,1029,SYT1
120,1032,ROGDI
121,1035,ROCK1
122,1046,MEF2A
123,1050,ACSL4
124,1064,CYFIP1
125,1069,SIRT2
126,1071,PPP2R5B
127,1078,SDK2
128,1080,NUP133
129,1091,RORA
130,1095,PLA2G10
131,1098,NEDD4
132,1105,LRP6
133,1113,SPTB
134,1115,FGF10
135,1132,GBA2
136,1136,CNGB1
137,1144,EIF2B3
138,1145,CAMK2A
139,1147,CDC42
140,1149,EPHA8
141,1155,MAP4K4
142,1158,WDR1
143,1170,TCF3
144,1200,TRPC5
145,1203,MPP5
146,1208,MARK2
147,1220,CRMP1
148,1224,NDE1
149,1244,SMARCE1
150,1260,FRY
151,1261,PICALM
152,1263,GLI2
153,1266,NOTCH3
154,1278,NTN4
155,1284,SCARF1
156,1305,SEMA3A
157,1307,SEMA3C
158,1311,CELSR1
159,1312,WNT8B
160,1327,FRYL
161,1334,WDR62
162,1342,PAX2
163,1358,PLXNA2
164,1372,RAP1GAP
165,1381,RARB
166,1382,TOP2B
167,1390,USP33
168,1391,PAK3
169,1393,DCX
170,1411,FGFR1
171,1418,MAP2
172,1431,TULP3
173,1443,FGF20
174,1448,PCM1
175,1450,CBFA2T2
176,1458,TP73
177,1467,SLC1A3
178,1468,XRCC5
179,1484,OPHN1
180,1491,DNM2
181,1493,RIMS1
182,1500,DCT
183,1507,RAB21
184,1518,CHRNA3
185,1521,PSEN1
186,1545,MEF2C
187,1553,LRP2
188,1566,ATP8B1
189,1568,SMARCD3
190,1581,EPB41L3
191,1591,SEMA5B
192,1592,GSK3B
193,1605,ULK2
194,1619,EPYC
195,1638,REST
196,1640,SSH1
197,1641,GSTP1
198,1651,NCOA1
199,1655,RAB10
200,1683,RRN3
201,1684,CTTN
202,1685,WNT11
203,1730,MTMR2
204,1736,SRRT
205,1737,BAX
206,1748,MT3
207,1750,GNAO1
208,1763,DNM1L
209,1768,AURKA
210,1785,DNMT3B
211,1817,XRN2
212,1835,LHX5
213,1850,NOS1
214,1872,ARHGAP4
215,1895,MUL1
216,1914,EFNB1
217,1922,DLL3
218,1933,NRCAM
219,1934,LAMB1
220,1983,RPGRIP1
221,1991,SEMA6A
222,2000,EZR
223,2008,DPYSL2
224,2009,TGFB2
225,2021,HDAC6
226,2048,PDE6C
227,2050,SEMA4G
228,2058,CRTAC1
229,2088,JAK2
230,2090,ABL1
231,2101,NRP1
232,2116,STX1B
233,2121,EFNA2
234,2186,MAPK1
235,2207,LGALS1
236,2213,TRIOBP
237,2221,MICALL1
238,2223,SOX10
239,2226,PICK1
240,2243,XBP1
241,2246,FBXO7
242,2253,SUN2
243,2266,NEFH
244,2275,TSPO
245,2284,RBFOX2
246,2303,IFT27
247,2330,HDAC10
248,2340,PRMT5
249,2374,ALKBH1
250,2375,SNW1
251,2380,SIX4
252,2385,HIF1A
253,2391,SLC8A3
254,2392,DICER1
255,2404,RPS6KA5
256,2411,TRIP11
257,2419,CPNE6
258,2436,NFATC4
259,2441,VSX1
260,2463,SALL4
261,2464,ADNP
262,2466,DOK5
263,2468,BMP7
264,2473,CTSZ
265,2494,PTK6
266,2538,JAG1
267,2539,CDK5RAP1
268,2571,ADNP2
269,2574,VAPA
270,2591,MIB1
271,2626,MCF2
272,2639,SMARCA1
273,2650,FMR1
274,2654,PQBP1
275,2671,CDK16
276,2710,STK24
277,2732,CLN5
278,2740,MAPK3
279,2753,CBLN1
280,2771,NDRG4
281,2784,FA2H
282,2788,AXIN1
283,2816,METRN
284,2817,FBXO31
285,2825,EEF2K
286,2843,SALL1
287,2858,SYT17
288,2870,CSK
289,2871,HERC1
290,2878,RAB11A
291,2903,SPG11
292,2909,MYEF2
293,2917,RP1
294,2919,FZD3
295,2922,EYA1
296,2929,SFRP1
297,2945,NDRG1
298,2948,STMN2
299,2976,NEFM
300,2978,NEFL
301,2979,ARHGEF10
302,3015,ERCC2
303,3022,SF3A2
304,3073,ANKRD27
305,3082,AKT2
306,3084,PRX
307,3086,NUMBL
308,3105,TGFB1
309,3123,CRX
310,3128,NAPA
311,3132,PTPRS
312,3135,MEGF8
313,3181,RAB3A
314,3197,MAG
315,3207,SCN1B
316,3224,CDK6
317,3241,DLX5
318,3244,PTN
319,3250,OGDH
320,3261,WNT2
321,3277,EVX1
322,3282,GRB10
323,3284,COBL
324,3299,NPTX2
325,3308,PTPRZ1
326,3310,WASL
327,3339,TMEM106B
328,3340,EZH2
329,3357,GLI3
330,3365,RHEB
331,3377,LIMK1
332,3380,LHX2
333,3391,TGFBR1
334,3394,OGN
335,3396,ECM2
336,3398,LHX6
337,3413,KDM4C
338,3415,KANK1
339,3417,NCS1
340,3426,LHX3
341,3432,RAPGEF1
342,3435,SETX
343,3436,SH3GL2
344,3444,DVL1
345,3448,GATA3
346,3455,CXCL12
347,3464,MAPK8
348,3470,UNC5B
349,3471,CDH23
350,3475,PPP3CB
351,3477,BMPR1A
352,3487,FGF8
353,3490,PITX3
354,3496,SUFU
355,3510,DKK1
356,3529,LGI1
357,3553,WNT3
358,3554,ASPA
359,3570,CDK5RAP3
360,3590,SLC6A4
361,3612,CCL2
362,3621,NAGLU
363,3625,CNTNAP1
364,3629,PPP1R9B
365,3636,RND2
366,3638,HDAC5
367,3650,EFNB3
368,3652,YWHAE
369,3654,MMD
370,3662,SLC9A3R1
371,3668,IFT20
372,3671,PMP22
373,3673,UNC119
374,3678,PHOX2B
375,3697,AREG
376,3700,MAPK10
377,3707,GAB1
378,3737,RAPGEF2
379,3773,EHD1
380,3788,PRPF19
381,3794,FOLR1
382,3799,APOA5
383,3800,APOA4
384,3811,DDX6
385,3837,SOX6
386,3864,CAPRIN2
387,3867,SLC11A2
388,3892,WNT5B
389,3894,TRPV4
390,3910,KCNA1
391,3927,RASAL1
392,3930,EIF2B1
393,3937,FZD10
394,3970,C12orf57
395,3988,RAB35
396,4000,TDP2
397,4026,UST
398,4031,OPRM1
399,4033,TULP1
400,4047,MDGA1
401,4068,PRDM13
402,4077,WASF1
403,4091,NR2E1
404,4092,SNX3
405,4096,PEX7
406,4098,FIG4
407,4129,PTK7
408,4130,SRF
409,4137,TMEM30A
410,4141,VEGFA
411,4149,CLIC5
412,4161,MAN2A1
413,4162,SEMA5A
414,4201,ARSB
415,4236,PCDH12
416,4255,DPYSL3
417,4267,DBN1
418,4280,BCL6
419,4303,BCHE
420,4307,WNT5A
421,4312,HES1
422,4315,ECT2
423,4316,GNAT1
424,4326,FXR1
425,4342,PLXNA1
426,4361,GORASP1
427,4380,EIF4G1
428,4387,DGUOK
429,4392,TTL
430,4420,EIF2B4
431,4444,TLX2
432,4445,SPTBN1
433,4447,RTN4
434,4448,HTRA2
435,4450,DOK1
436,4454,CCDC88A
437,4463,FN1
438,4474,EFHD1
439,4498,WNT6
440,4514,STK25
441,4517,ID2
442,4533,DLX2
443,4540,SOS1
444,4553,TRAK2
445,4563,VAX2
446,4565,NFE2L2
447,4569,EPHA4
448,4574,PRRX1
449,4577,MARK1
450,4578,TNR
451,4598,CHD5
452,4613,RAP1A
453,4614,HDAC1
454,4625,ARHGEF2
455,4628,DOCK7
456,4654,RPE65
457,4688,TBCE
458,4693,MTR
459,4728,KIF17
460,4737,ID3
461,4747,ARTN
462,4788,STMN1
463,4796,PROX1
464,4816,STK11
465,4821,APOA1
466,4829,CAMSAP2
467,4835,NRP2
468,4836,CREB1
469,4837,KLF7
470,4852,CNR1
471,4864,MYB
472,4866,SGK1
473,4880,FOXO3
474,4884,TGIF2
475,4886,OLFM3
476,4889,SPP1
477,4914,SATB2
478,4927,TRIM67
479,4940,TRIM32
480,4953,NR4A3
481,4961,ONECUT2
482,4995,EIF2B2
483,5003,DNMT3A
484,5014,BCL11A
485,5041,KCNIP2
486,5053,HOXB3
487,5149,SOCS2
488,5154,CLU
489,5157,PTK2B
490,5167,TNFRSF8
491,5216,LHX4
492,5246,CCR2
493,5252,SLITRK3
494,5253,PIK3CA
495,5267,CXCR4
496,5288,FMOD
497,5333,NPY
498,5336,INHBA
499,5344,TWIST1
500,5365,NEUROG3
501,5372,EGR2
502,5379,CIT
503,5386,CDKN2C
504,5414,ATF1
505,5416,NEUROD4
506,5418,NCKAP1L
507,5427,LRP1
508,5448,PLP1
509,5453,NRK
510,5491,OBSL1
511,5510,SDC4
512,5512,PIGT
513,5517,PARD6B
514,5520,PLCG1
515,5581,USP9X
516,5586,PACSIN1
517,5630,SOX4
518,5632,CPNE5
519,5645,RUNX2
520,5647,GCM2
521,5661,WNT1
522,5670,DOK4
523,5675,RAP2A
524,5678,EFNB2
525,5691,BMP4
526,5696,SOX9
527,5713,BARHL1
528,5716,MBOAT7
529,5736,PSPN
530,5742,THOC2
531,5743,MED1
532,5758,VASP
533,5766,FOXA2
534,5776,NKX2-2
535,5787,BMP2
536,5789,FLRT3
537,5792,GFRA4
538,5820,GDF5
539,5821,MMP24
540,5823,ID1
541,5854,LRFN3
542,5874,PRMT1
543,5880,FLRT1
544,5889,BECN1
545,5908,SIX1
546,5921,OMG
547,5935,ZC4H2
548,5941,OMD
549,5946,BCL11B
550,5972,PIN1
551,5997,MACF1
552,6012,RNF6
553,6018,GNGT1
554,6049,YWHAH
555,6056,ADORA2A
556,6071,RAC2
557,6072,LIF
558,6080,RNF112
559,6101,SMO
560,6110,HOXD1
561,6111,HOXD3
562,6114,CHN1
563,6120,HOXD9
564,6121,HOXD10
565,6131,EIF2AK4
566,6136,ELL3
567,6140,DLL4
568,6141,ALDH1A2
569,6146,CHAC1
570,6180,FXR2
571,6199,KLK8
572,6209,FOXA1
573,6214,NRL
574,6230,FGF13
575,6274,LDLR
576,6285,APOE
577,6326,EPO
578,6332,MAP1S
579,6348,OLFM1
580,6349,CAMSAP1
581,6361,ATXN10
582,6368,MNX1
583,6378,PRDM12
584,6416,PLXNA3
585,6425,UBE4B
586,6426,CASZ1
587,6460,C1QL1
588,6461,GFAP
589,6485,PPT1
590,6509,KIF3A
591,6542,NPHP4
592,6543,MAP1B
593,6554,RARA
594,6576,LLGL1
595,6578,LIN28A
596,6603,LHX1
597,6610,PPARG
598,6631,PER2
599,6638,RAP1GAP2
600,6643,SERPINF1
601,6675,DLG4
602,6679,MATN2
603,6694,SNAP25
604,6695,BTBD3
605,6700,PTPRA
606,6741,SYT4
607,6749,ATP8A2
608,6759,WASF3
609,6776,DCLK1
610,6782,TRPC4
611,6783,POSTN
612,6802,EPHB2
613,6804,BTBD2
614,6850,KRAS
615,6853,SPINK5
616,6860,ARNTL
617,6879,NUMB
618,6888,ELP3
619,6900,CAMK1
620,6906,CNTN6
621,6907,CHL1
622,6912,TRPM1
623,6913,GNAT2
624,6917,TSPAN2
625,6928,WNT2B
626,6937,NGF
627,6952,MYCN
628,6959,IL6ST
629,6962,NAV1
630,6965,CRB1
631,6986,SOX5
632,7000,SOX3
633,7028,DAGLA
634,7062,WDR36
635,7068,ANXA1
636,7071,AGTPBP1
637,7091,DTX1
638,7121,EPHA7
639,7135,CAPRIN1
640,7140,AVIL
641,7150,BLOC1S1
642,7159,FAIM2
643,7176,AHI1
644,7177,HEY2
645,7187,SEMA4F
646,7194,EMX1
647,7199,MDM2
648,7210,AGT
649,7239,DOCK10
650,7243,ITM2C
651,7245,SERPINE2
652,7247,WNT10A
653,7273,PLXNC1
654,7281,NEK3
655,7302,EDNRB
656,7314,RAC1
657,7317,IL6
658,7323,DDX56
659,7327,DBNL
660,7331,MMD2
661,7335,NKX2-8
662,7336,NKX2-1
663,7349,SRSF1
664,7366,TBR1
665,7374,SKIL
666,7394,BIN1
667,7401,ABI1
668,7414,KLF4
669,7415,TOR1A
670,7417,FAM129B
671,7422,DAB2IP
672,7423,STXBP1
673,7426,CDK5RAP2
674,7430,TLR4
675,7460,LMX1B
676,7471,PLAA
677,7513,KIAA0319
678,7518,GCM1
679,7522,TUBB2B
680,7526,FLOT1
681,7535,MTCH1
682,7544,TLR2
683,7547,MYO7A
684,7574,SORL1
685,7577,TRPC6
686,7583,YAP1
687,7586,BTG4
688,7621,ITPKA
689,7636,SPTBN5
690,7656,IFT172
691,7671,ACTR2
692,7679,SIX3
693,7693,LBX1
694,7701,ARL3
695,7703,KIF20B
696,7718,ZNF365
697,7735,NAB1
698,7771,SEMA7A
699,7787,FGF5
700,7793,BMPR1B
701,7807,SCARB2
702,7820,LEF1
703,7824,SEC24B
704,7826,PPP3CA
705,7840,ETV6
706,7873,LLPH
707,7887,LUM
708,7888,KERA
709,7893,ASCL1
710,7905,FOXN4
711,7945,RB1
712,7973,MDGA2
713,8006,DUOXA1
714,8008,TCF12
715,8032,HMG20A
716,8047,BBS4
717,8068,NTRK3
718,8076,IQGAP1
719,8098,NKD1
720,8107,KATNB1
721,8114,CDH11
722,8168,SSH2
723,8180,AFG3L2
724,8189,ADCYAP1
725,8205,MINK1
726,8211,ARHGDIA
727,8218,CSNK1D
728,8220,TBCD
729,8233,RNF165
730,8238,SMAD4
731,8248,ERBB2
732,8287,SOD1
733,8294,APP
734,8297,AKT1
735,8338,RERE
736,8341,PRDM16
737,8381,PTPRF
738,8387,LMO4
739,8389,BARHL2
740,8402,CELSR2
741,8437,USP21
742,8446,CRABP2
743,8448,ABL2
744,8456,LHX9
745,8477,CERS2
746,8480,SEMA6C
747,8500,DUSP10
748,8509,S100A8
749,8512,SNAPIN
750,8519,EFNA3
751,8558,WNT9A
752,8566,SYT2
753,8569,GDF7
754,8581,WDPCP
755,8588,MEIS1
756,8633,SLC4A10
757,8639,DLX1
758,8664,CPNE9
759,8670,CTDSP1
760,8677,CNTN4
761,8689,GOLGA4
762,8695,PTPRG
763,8721,BOC
764,8723,TMEM108
765,8741,MANF
766,8749,SLIT2
767,8750,EIF2B5
768,8759,EPHA5
769,8783,METTL14
770,8788,SFRP2
771,8811,PIK3R1
772,8849,GABRB2
773,8876,GFRA3
774,8878,DCDC2
775,8887,TNFRSF21
776,8892,ABT1
777,8894,DAAM2
778,8935,DYNLT1
779,8954,FERD3L
780,8955,EGFR
781,8991,NLGN4X
782,8997,SH3KBP1
783,9063,GNRH1
784,9065,DOK2
785,9069,STAR
786,9097,LRP12
787,9099,RSPO2
788,9115,VLDLR
789,9118,NFIB
790,9126,C9orf72
791,9134,NTRK2
792,9136,SHC3
793,9148,GSN
794,9184,NOTCH1
795,9194,SLC39A12
796,9198,PARD3
797,9200,ZEB1
798,9204,CDHR1
799,9213,ANKRD1
800,9219,VAX1
801,9231,NKX6-2
802,9242,ADM
803,9246,LRRC4C
804,9280,PAK1
805,9284,NCAM1
806,9285,DRD2
807,9308,ROM1
808,9322,FEZ1
809,9324,KIRREL3
810,9331,DUSP15
811,9358,TBX6
812,9364,TAOK2
813,9376,ITGB1
814,9385,CTF1
815,9408,GPM6A
816,9411,VEGFC
817,9427,DIXDC1
818,9464,BTBD11
819,9466,ANK3
820,9474,TWF1
821,9476,EIF4E
822,9504,SCLT1
823,9509,PTPRO
824,9521,DRD3
825,9524,POU4F2
826,9529,DPYSL4
827,9567,GFRA1
828,9570,BEND6
829,9588,ASTN1
830,9599,POU4F1
831,9602,GRID2
832,9604,RIT2
833,9618,TCF7L1
834,9622,UHMK1
835,9625,SPOCK1
836,9656,IGSF10
837,9666,GJA1
838,9680,FARP1
839,9684,PRDM8
840,9690,PTPRK
841,9729,BMP6
842,9739,NR4A2
843,9775,PTPRD
844,9796,LGI4
845,9810,SEMA3D
846,9818,IMPACT
847,9822,THY1
848,9831,ROBO3
849,9845,PRKCA
850,9855,UCHL1
851,9858,TNIK
852,9863,WNT3A
853,9866,TRIM11
854,9867,ENAH
855,9894,CHODL
856,9896,NCAM2
857,9908,WNT7A
858,9920,APCDD1
859,9928,EPHB1
860,9961,ZFYVE27
861,10008,FZD7
862,10037,KIF5A
863,10048,GNAQ
864,10080,TIAM1
865,10095,GDF6
866,10119,NPTN
867,10123,UNC5D
868,10169,ATP2B2
869,10180,NRG1
870,10184,LRP8
871,10191,MMP14
872,10192,FZD1
873,10210,KIT
874,10246,BRAF
875,10258,DPYSL5
876,10270,SKI
877,10291,NCK1
878,10313,CUL4B
879,10318,AUTS2
880,10352,GDPD5
881,10367,SLC45A3
882,10371,NBL1
883,10399,WNT9B
884,10434,RUNX1
885,10462,BTG2
886,10479,ISL2
887,10491,SPON2
888,10523,ARHGAP35
889,10538,NR2F6
890,10542,KALRN
891,10586,S100B
892,10605,RDH13
893,10609,SPTBN4
894,10610,BRSK1
895,10631,SHC1
896,10637,CHRNB2
897,10668,IER2
898,10705,DVL3
899,10713,NPHS1
900,10753,SHANK1
901,10759,RACGAP1
902,10799,TBC1D24
903,10801,NTN3
904,10808,SHANK2
905,10833,TAL1
906,10883,WNT4
907,10886,MXRA8
908,10905,LHX8
909,10908,NTNG1
910,10920,GFI1
911,10950,LMX1A
912,10992,PEX13
913,10996,DISC1
914,11009,NEUROD1
915,11031,EN1
916,11045,PDLIM5
917,11062,ERCC3
918,11077,S100A9
919,11082,FZD5
920,11091,GABRB1
921,11092,PAQR3
922,11106,HIPK1
923,11122,CCKAR
924,11137,TRIM46
925,11151,FEV
926,11153,IHH
927,11155,EOMES
928,11161,HDAC11
929,11169,NFASC
930,11172,SERPINI1
931,11176,SPTA1
932,11177,PRKCI
933,11201,NKX6-1
934,11217,CLRN1
935,11232,APBB2
936,11256,RYK
937,11260,UCN
938,11293,KLF15
939,11300,HEYL
940,11346,PLXNB1
941,11369,PITX2
942,11373,HMGB2
943,11376,HAND2
944,11397,HHIP
945,11414,NIPBL
946,11445,CASP3
947,11455,PAPD4
948,11465,TERT
949,11477,UQCRQ
950,11483,FABP7
951,11484,TLX3
952,11504,TBX20
953,11505,DAGLB
954,11513,HCN1
955,11544,SHH
956,11558,ADCY1
957,11570,EN2
958,11581,SUN1
959,11591,MICALL2
960,11594,CDK5
961,11609,CTHRC1
962,11647,TMC1
963,11687,ATP7A
964,11700,SLITRK5
965,11714,LRFN5
966,11716,ZNF488
967,11731,PHOX2A
968,11765,OTX2
969,11796,FRMD7
970,11799,TSC1
971,11801,HPRT1
972,11806,RET
973,11827,METTL3
974,11859,CLMN
975,11876,ABTB2
976,11887,JAM3
977,11904,SPINT1
978,11917,BAG5
979,11927,COPS2
980,11928,GABRB3
981,11932,FRS2
982,11953,APBB1
983,11959,ILK
984,11962,DCHS1
985,12007,WEE1
986,12008,MAPK7
987,12032,NDEL1
988,12054,B2M
989,12066,C16orf45
990,12082,MESP1
991,12102,NAB2
992,12108,STX3
993,12131,MAP1A
994,12151,PBX3
995,12157,SAMD14
996,12179,ISLR2
997,12183,GPRC5B
998,12238,RAB8A
999,12274,AXL
1000,12285,TRAPPC9
1001,12296,ATCAY
1002,12298,DAPK3
1003,12299,EEF2
1004,12321,CYB5D2
1005,12323,NTF4
1006,12329,KLK6
1007,12412,CTNNB1
1008,12413,ULK4
1009,12447,HOOK3
1010,12449,DDIT4
1011,12450,RBPJ
1012,12465,PTF1A
1013,12471,KIF5C
1014,12486,CX3CR1
1015,12507,RHOH
1016,12528,GBX2
1017,12537,COL3A1
1018,12538,GFRA2
1019,12549,STAT3
1020,12554,GDNF
1021,12579,SEMA4C
1022,12585,SHOX2
1023,12607,SOX14
1024,12631,CEP120
1025,12651,MAP2K1
1026,12656,MECP2
1027,12661,ROR2
1028,12676,ATF5
1029,12677,UBE2V2
1030,12682,PCSK9
1031,12697,RGS14
1032,12706,EFNA1
1033,12709,SH3TC2
1034,12716,GPRIN1
1035,12724,IL1RAPL1
1036,12725,P2RY12
1037,12741,PTK2
1038,12744,PTPN9
1039,12752,SDC2
1040,12764,GPR183
1041,12771,ZEB2
1042,12816,RAC3
1043,12820,NLGN1
1044,12825,LINGO1
1045,12834,GSX1
1046,12837,ROBO1
1047,12840,P2RY1
1048,12842,CTNND2
1049,12846,WNT10B
1050,12882,ALCAM
1051,12883,YWHAG
1052,12891,GPR37L1
1053,12947,CDK1
1054,12948,UBB
1055,12953,B3GNT2
1056,12961,EMX2
1057,12965,SEMA3E
1058,12966,LRRN2
1059,12968,DCLK2
1060,12969,ZNF804A
1061,13012,CDH2
1062,13051,KIF5B
1063,13056,OR10A4
1064,13118,S1PR1
1065,13126,FPR2
1066,13130,FEZ2
1067,13135,ALK
1068,13145,NRTN
1069,13184,NPTX1
1070,13222,CDK5R2
1071,13251,LPAR3
1072,13254,NEUROD2
1073,13255,MAP6
1074,13256,OTP
1075,13266,DSCAM
1076,13272,PIK3CD
1077,13275,ENC1
1078,13308,BCL2
1079,13312,KNDC1
1080,13333,PTEN
1081,13356,FOXB1
1082,13373,GAP43
1083,13376,LAMB2
1084,13413,ID4
1085,13417,CEBPB
1086,13418,AZU1
1087,13420,ATOH1
1088,13426,NEGR1
1089,13515,RND1
1090,13543,CFL1
1091,13565,SSH3
1092,13605,RELA
1093,13619,LRRN3
1094,13629,RAPH1
1095,13676,NDNF
1096,13680,DAG1
1097,13681,INSM1
1098,13682,DAB1
1099,13699,PTPRM
1100,13709,CSPG4
1101,13728,LRFN4
1102,13756,CNP
1103,13758,HAP1
1104,13779,SPTBN2
1105,13840,ADCY6
1106,13842,PITPNA
1107,13845,ZNHIT2
1108,13868,LIG4
1109,13884,CNTNAP2
1110,13886,LINGO2
1111,13912,UGT8
1112,13919,BRSK2
1113,13925,LEP
1114,13936,HRAS
1115,13944,FZD4
1116,13985,FBXW8
1117,14054,LSM1
1118,14059,CHRNA7
1119,14084,CLCF1
1120,14093,CABP4
1121,14130,NR2F1
1122,14155,BAIAP2
1123,14171,LRRN1
1124,14176,UNC119B
1125,14219,BNIP3
1126,14241,ANAPC2
1127,14279,RIMS2
1128,14327,BDNF
1129,14332,BOK
1130,14341,CDK5R1
1131,14361,IRX5
1132,14370,GRIN1
1133,14371,SOX11
1134,14426,DSCAML1
1135,14427,RHOG
1136,14440,ULK1
1137,14465,FZD8
1138,14511,OLIG3
1139,14520,IRX3
1140,14541,JUN
1141,14545,GBA
1142,14586,KCNJ10
1143,14599,GRB2
1144,14671,SLITRK1
1145,14695,NEUROG2
1146,14723,ERBB4
1147,14754,GP5
1148,14761,ZHX2
1149,14796,GAK
1150,14863,CALR
1151,14868,CDH4
1152,14879,PTPN11
1153,14889,GATA2
1154,14924,SLITRK4
1155,14988,NRXN1
1156,15041,TH
1157,15050,F2
1158,15075,FZD2
1159,15123,GSX2
1160,15146,S1PR5
1161,15149,GPR157
1162,15167,HOXC10
1163,15169,BHLHE22
1164,15170,MAP6D1
1165,15184,SCRIB
1166,15244,PENK
1167,15323,PLAG1
1168,15335,AMIGO1
1169,15345,SIAH2
1170,15383,NEUROG1
1171,15397,USH1G
1172,15401,IDH2
1173,15419,IST1
1174,15426,UNC5C
1175,15429,RGMA
1176,15438,EXT1
1177,15440,MOB2
1178,15514,FES
1179,15533,CSF1R
1180,15534,EPHB3
1181,15542,TRAK1
1182,15552,NDN
1183,15557,NTM
1184,15562,GALR2
1185,15565,TSKU
1186,15630,SOX1
1187,15650,PCP4
1188,15654,CAMK1D
1189,15660,NKX2-5
1190,15663,GAS6
1191,15752,GRIN2A
1192,15805,RP1L1
1193,15828,NOG
1194,15834,OPCML
1195,15841,ASCL2
1196,15869,CCR4
1197,15890,FOXD1
1198,15891,LRRC55
1199,15914,DENND5A
1200,15939,CNTN2
1201,15941,LRTOMT
1202,15944,ADRA2C
1203,15953,GPR173
1204,15963,OLIG1
1205,15983,PRKD1
1206,15994,SLIT3
1207,15996,EFNA5
1208,16003,CSF1
1209,16012,SS18L1
1210,16030,POU3F2
1211,16042,CEND1
1212,16049,SLITRK6
1213,16069,MED12
1214,16086,EIF4ENIF1
1215,16117,DRD1
1216,16126,BTBD6
1217,16137,JAG2
1218,16175,SEMA4B
1219,16180,CIB1
1220,16191,FLRT2
1221,16210,INPP5J
1222,16224,NRBP2
1223,16296,ROR1
1224,16309,PRKG1
1225,16310,NR2F2
1226,16315,AHNAK2
1227,16329,PBX1
1228,16338,NTF3
1229,16343,POU3F1
1230,16355,C16orf52
1231,16414,RTN4RL1
1232,16423,IRS2
1233,16435,SLITRK2
1234,16468,LRRC70
1235,16523,GABRA5
1236,16524,PPP1CC
1237,16554,GLDN
1238,16566,NAP1L2
1239,16577,MYT1L
1240,16598,NF2
1241,16632,FSCN2
1242,16660,PDZD7
1243,16663,MAPT
1244,16671,RTN4RL2
1245,16719,CCK
1246,16727,SLIT1
1247,16767,DCC
1248,16770,MAGI2
1249,16795,IFT140
1250,16838,TRPV2
1251,16855,SECISBP2
1252,16862,SEMA4D
1253,16917,DNER
1254,16944,NRN1L
1255,16951,WNT7B
1256,17066,COL25A1
1257,17089,NANOS1
1258,17125,OSTN
1259,17126,VWC2
1260,17136,FZD9
1261,17142,SKOR1
1262,17144,PRELP
1263,17220,RELN
1264,17222,APOD
1265,17235,BLOC1S3
1266,17325,BLOC1S2
1267,17361,FAT4
1268,17374,SEMA4A
1269,17410,NIF3L1
1270,17426,NLGN3
1271,17435,NTNG2
1272,17459,EVL
1273,17489,SIAH1
1274,17523,LAMA2
1275,17528,XRCC2
1276,17532,HDAC2
1277,17542,TCF4
1278,17575,NF1
1279,17591,POU3F4
1280,17637,FLNA
1281,17652,AP2A1
1282,17712,SRC
1283,17767,SYNGAP1
1284,17799,ADARB1
1286,17825,STMN3
1287,17858,SIPA1L1
1288,17869,TOPORS
1289,17909,SPTAN1
1290,17932,LHFPL5
1291,17987,KIF13B
1292,18013,S100A6
1293,18015,DNM3
1294,18030,KEL
1295,18041,ZNF335
1296,18077,LPAR1
1297,18105,SZT2
1298,18168,ITSN2
1299,18169,NTRK1
1300,18203,ATL1
1301,18238,ZNF536
1302,18270,SLC9A6
1303,18278,CEP290
1304,18283,DLL1
1305,18289,LDB1
1306,18298,SMURF1
1307,18304,PLXNB3
1308,18323,MTOR
1309,18325,ZNF521
1310,18329,LRIG2
1311,18341,INPP5F
1312,18347,GJC2
1313,18348,OPA1
1314,18391,BHLHB9
1315,18393,L1CAM
1316,18425,RORB
1317,20380,GDI1
1318,20455,GIGYF2
1319,20490,BMPR2
1320,20524,AGER
1321,20559,SLC44A4
1322,20656,DDR1
1323,20775,TCTN1
1324,21100,OLIG2
1325,21125,DOK6
1326,23194,SYT3
1327,23288,LINGO4
1328,23356,NRAS
1329,23432,GPC2
1330,23564,NCKIPSD
1331,23656,KCTD11
1332,23693,CSNK1E
1333,23710,ITGA1
1334,23781,CPNE1
1335,24319,SCRT2
1336,25897,PLXNA4
1337,25910,NPTXR
1338,25974,ADRA2B
1339,29364,LTA
1340,39059,NME1
1341,39098,TLR9
1342,41326,STRC
1343,41677,EFNA4
1344,42351,DBNDD2
1345,42449,ETV5
1346,43041,TWF2
1347,48037,LYN
1348,48442,OMP
1349,49427,VTN
1350,49898,SALL3
1351,50691,CUX1
